{
    "name": "root",
    "gauges": {
        "Thief.Policy.Entropy.mean": {
            "value": 1.6488205194473267,
            "min": 1.5296791791915894,
            "max": 1.791657567024231,
            "count": 100
        },
        "Thief.Policy.Entropy.sum": {
            "value": 1884.601806640625,
            "min": 69.0777587890625,
            "max": 19816.845703125,
            "count": 100
        },
        "Thief.Environment.EpisodeLength.mean": {
            "value": 1999.0,
            "min": 118.5,
            "max": 1999.0,
            "count": 93
        },
        "Thief.Environment.EpisodeLength.sum": {
            "value": 5997.0,
            "min": 237.0,
            "max": 12000.0,
            "count": 93
        },
        "Thief.Step.mean": {
            "value": 499440.0,
            "min": 4990.0,
            "max": 499440.0,
            "count": 100
        },
        "Thief.Step.sum": {
            "value": 499440.0,
            "min": 4990.0,
            "max": 499440.0,
            "count": 100
        },
        "Thief.Policy.ExtrinsicValueEstimate.mean": {
            "value": 0.25136736035346985,
            "min": -0.12308679521083832,
            "max": 0.4555377960205078,
            "count": 100
        },
        "Thief.Policy.ExtrinsicValueEstimate.sum": {
            "value": 0.7541020512580872,
            "min": -2.345959424972534,
            "max": 1.5135743618011475,
            "count": 100
        },
        "Thief.Environment.CumulativeReward.mean": {
            "value": 6.333333333333333,
            "min": -0.3500000002483527,
            "max": 11.316666603088379,
            "count": 100
        },
        "Thief.Environment.CumulativeReward.sum": {
            "value": 19.0,
            "min": -1.3000000193715096,
            "max": 33.94999980926514,
            "count": 100
        },
        "Thief.Policy.ExtrinsicReward.mean": {
            "value": 6.333333333333333,
            "min": -0.3500000002483527,
            "max": 11.316666603088379,
            "count": 100
        },
        "Thief.Policy.ExtrinsicReward.sum": {
            "value": 19.0,
            "min": -1.3000000193715096,
            "max": 33.94999980926514,
            "count": 100
        },
        "Thief.IsTraining.mean": {
            "value": 1.0,
            "min": 1.0,
            "max": 1.0,
            "count": 100
        },
        "Thief.IsTraining.sum": {
            "value": 1.0,
            "min": 1.0,
            "max": 1.0,
            "count": 100
        },
        "Thief.Losses.PolicyLoss.mean": {
            "value": 0.07264315856022162,
            "min": 0.06390549943822882,
            "max": 0.07658319053278925,
            "count": 36
        },
        "Thief.Losses.PolicyLoss.sum": {
            "value": 0.07264315856022162,
            "min": 0.06390549943822882,
            "max": 0.07658319053278925,
            "count": 36
        },
        "Thief.Losses.ValueLoss.mean": {
            "value": 0.02296833568965798,
            "min": 0.0012281257861001716,
            "max": 0.04532247733529717,
            "count": 36
        },
        "Thief.Losses.ValueLoss.sum": {
            "value": 0.02296833568965798,
            "min": 0.0012281257861001716,
            "max": 0.04532247733529717,
            "count": 36
        },
        "Thief.Policy.LearningRate.mean": {
            "value": 1.3120986880000023e-06,
            "min": 1.3120986880000023e-06,
            "max": 9.717340282659998e-05,
            "count": 36
        },
        "Thief.Policy.LearningRate.sum": {
            "value": 1.3120986880000023e-06,
            "min": 1.3120986880000023e-06,
            "max": 9.717340282659998e-05,
            "count": 36
        },
        "Thief.Policy.Epsilon.mean": {
            "value": 0.10131200000000004,
            "min": 0.10131200000000004,
            "max": 0.19717340000000005,
            "count": 36
        },
        "Thief.Policy.Epsilon.sum": {
            "value": 0.10131200000000004,
            "min": 0.10131200000000004,
            "max": 0.19717340000000005,
            "count": 36
        },
        "Thief.Policy.Beta.mean": {
            "value": 7.546880000000013e-05,
            "min": 7.546880000000013e-05,
            "max": 0.00485895266,
            "count": 36
        },
        "Thief.Policy.Beta.sum": {
            "value": 7.546880000000013e-05,
            "min": 7.546880000000013e-05,
            "max": 0.00485895266,
            "count": 36
        }
    },
    "metadata": {
        "timer_format_version": "0.1.0",
        "start_time_seconds": "1735855776",
        "python_version": "3.9.20 (main, Oct  3 2024, 07:38:01) [MSC v.1929 64 bit (AMD64)]",
        "command_line_arguments": "C:\\Users\\Eduardo Bergillos\\.conda\\envs\\ml-agents\\Scripts\\mlagents-learn ./config.yaml --run-id learning04",
        "mlagents_version": "0.30.0",
        "mlagents_envs_version": "0.30.0",
        "communication_protocol_version": "1.5.0",
        "pytorch_version": "2.5.1+cpu",
        "numpy_version": "1.21.2",
        "end_time_seconds": "1735856160"
    },
    "total": 384.15913520000004,
    "count": 1,
    "self": 0.005475700000090455,
    "children": {
        "run_training.setup": {
            "total": 0.06591049999999998,
            "count": 1,
            "self": 0.06591049999999998
        },
        "TrainerController.start_learning": {
            "total": 384.087749,
            "count": 1,
            "self": 0.8299374000020521,
            "children": {
                "TrainerController._reset_env": {
                    "total": 8.6208355,
                    "count": 1,
                    "self": 8.6208355
                },
                "TrainerController.advance": {
                    "total": 374.58233569999794,
                    "count": 56687,
                    "self": 0.3867676999907417,
                    "children": {
                        "env_step": {
                            "total": 374.1955680000072,
                            "count": 56687,
                            "self": 276.04170830001397,
                            "children": {
                                "SubprocessEnvManager._take_step": {
                                    "total": 97.77877999999856,
                                    "count": 56687,
                                    "self": 1.7864611999951023,
                                    "children": {
                                        "TorchPolicy.evaluate": {
                                            "total": 95.99231880000346,
                                            "count": 56382,
                                            "self": 95.99231880000346
                                        }
                                    }
                                },
                                "workers": {
                                    "total": 0.37507969999465907,
                                    "count": 56687,
                                    "self": 0.0,
                                    "children": {
                                        "worker_root": {
                                            "total": 375.2846822000026,
                                            "count": 56687,
                                            "is_parallel": true,
                                            "self": 150.40160790000573,
                                            "children": {
                                                "steps_from_proto": {
                                                    "total": 0.00038349999999987006,
                                                    "count": 1,
                                                    "is_parallel": true,
                                                    "self": 0.00015920000000146928,