{"count":1,"self":87.0147968,"total":88.1074653,"children":{"InitializeActuators":{"count":1,"self":0.0020012999999999997,"total":0.0020012999999999997,"children":null},"InitializeSensors":{"count":1,"self":0.0010004999999999999,"total":0.0010004999999999999,"children":null},"AgentSendState":{"count":4141,"self":0.0316367,"total":0.0698329,"children":{"CollectObservations":{"count":829,"self":0.0231196,"total":0.0231196,"children":null},"WriteActionMask":{"count":829,"self":0.0020017,"total":0.0020017,"children":null},"RequestDecision":{"count":829,"self":0.013074899999999999,"total":0.013074899999999999,"children":null}}},"DecideAction":{"count":4141,"self":0.8623035,"total":0.8623035,"children":null},"AgentAct":{"count":4141,"self":0.15753319999999998,"total":0.15753319999999998,"children":null}},"gauges":{},"metadata":{"timer_format_version":"0.1.0","start_time_seconds":"1735844150","unity_version":"2022.3.44f1","command_line_arguments":"D:\\Unity\\2022.3.44f1\\Editor\\Unity.exe -projectpath C:\\Users\\2004r\\OneDrive\\Escritorio\\Final-AI-Project -useHub -hubIPC -cloudEnvironment production -licensingIpc LicenseClient-2004r -hubSessionId 8393f33c-f824-412a-a0a7-8190c523282e -accessToken SA0q7GyR_cNOlx09-Z0dJvGjPkO3vptFRnJFmOW3Kqk006f","communication_protocol_version":"1.5.0","com.unity.ml-agents_version":"2.0.1","scene_name":"R_Scene","end_time_seconds":"1735844238"}}