{
    "name": "root",
    "gauges": {
        "Thief.Policy.Entropy.mean": {
            "value": 0.6666598320007324,
            "min": 0.6501297950744629,
            "max": 1.7913297414779663,
            "count": 300
        },
        "Thief.Policy.Entropy.sum": {
            "value": 6635.93212890625,
            "min": 5394.953125,
            "max": 21073.998046875,
            "count": 300
        },
        "Thief.Environment.EpisodeLength.mean": {
            "value": 1999.0,
            "min": 217.1875,
            "max": 1999.0,
            "count": 300
        },
        "Thief.Environment.EpisodeLength.sum": {
            "value": 9995.0,
            "min": 1999.0,
            "max": 18175.0,
            "count": 300
        },
        "Thief.Step.mean": {
            "value": 2999882.0,
            "min": 9891.0,
            "max": 2999882.0,
            "count": 300
        },
        "Thief.Step.sum": {
            "value": 2999882.0,
            "min": 9891.0,
            "max": 2999882.0,
            "count": 300
        },
        "Thief.Policy.ExtrinsicValueEstimate.mean": {
            "value": 1.8458843231201172,
            "min": -0.09390828758478165,
            "max": 1.9215565919876099,
            "count": 300
        },
        "Thief.Policy.ExtrinsicValueEstimate.sum": {
            "value": 147.67074584960938,
            "min": -8.26392936706543,
            "max": 155.64608764648438,
            "count": 300
        },
        "Thief.Environment.CumulativeReward.mean": {
            "value": 35.4,
            "min": -0.8812500000931323,
            "max": 40.8,
            "count": 300
        },
        "Thief.Environment.CumulativeReward.sum": {
            "value": 177.0,
            "min": -8.100000001490116,
            "max": 314.0,
            "count": 300
        },
        "Thief.Policy.ExtrinsicReward.mean": {
            "value": 35.4,
            "min": -0.8812500000931323,
            "max": 40.8,
            "count": 300
        },
        "Thief.Policy.ExtrinsicReward.sum": {
            "value": 177.0,
            "min": -8.100000001490116,
            "max": 314.0,
            "count": 300
        },
        "Thief.IsTraining.mean": {
            "value": 1.0,
            "min": 1.0,
            "max": 1.0,
            "count": 300
        },
        "Thief.IsTraining.sum": {
            "value": 1.0,
            "min": 1.0,
            "max": 1.0,
            "count": 300
        },
        "Thief.Losses.PolicyLoss.mean": {
            "value": 0.05023446780814993,
            "min": 0.04589451411011396,
            "max": 0.052088339638066826,
            "count": 73
        },
        "Thief.Losses.PolicyLoss.sum": {
            "value": 0.05023446780814993,
            "min": 0.04589451411011396,
            "max": 0.052088339638066826,
            "count": 73
        },
        "Thief.Losses.ValueLoss.mean": {
            "value": 0.041913135323557074,
            "min": 0.00018208823751706405,
            "max": 0.05264295873057563,
            "count": 73
        },
        "Thief.Losses.ValueLoss.sum": {
            "value": 0.041913135323557074,
            "min": 0.00018208823751706405,
            "max": 0.05264295873057563,
            "count": 73
        },
        "Thief.Policy.LearningRate.mean": {
            "value": 4.790998403333407e-07,
            "min": 4.790998403333407e-07,
            "max": 0.00029588020137326663,
            "count": 73
        },
        "Thief.Policy.LearningRate.sum": {
            "value": 4.790998403333407e-07,
            "min": 4.790998403333407e-07,
            "max": 0.00029588020137326663,
            "count": 73
        },
        "Thief.Policy.Epsilon.mean": {
            "value": 0.10015966666666667,
            "min": 0.10015966666666667,
            "max": 0.19862673333333336,
            "count": 73
        },
        "Thief.Policy.Epsilon.sum": {
            "value": 0.10015966666666667,
            "min": 0.10015966666666667,
            "max": 0.19862673333333336,
            "count": 73
        },
        "Thief.Policy.Beta.mean": {
            "value": 2.595070000000024e-05,
            "min": 2.595070000000024e-05,
            "max": 0.00986281066,
            "count": 73
        },
        "Thief.Policy.Beta.sum": {
            "value": 2.595070000000024e-05,
            "min": 2.595070000000024e-05,
            "max": 0.00986281066,
            "count": 73
        }
    },
    "metadata": {
        "timer_format_version": "0.1.0",
        "start_time_seconds": "1735856967",
        "python_version": "3.9.20 (main, Oct  3 2024, 07:38:01) [MSC v.1929 64 bit (AMD64)]",
        "command_line_arguments": "C:\\Users\\Eduardo Bergillos\\.conda\\envs\\ml-agents\\Scripts\\mlagents-learn ./config.yaml --run-id learning01",
        "mlagents_version": "0.30.0",
        "mlagents_envs_version": "0.30.0",
        "communication_protocol_version": "1.5.0",
        "pytorch_version": "2.5.1+cpu",
        "numpy_version": "1.21.2",
        "end_time_seconds": "1735859271"
    },
    "total": 2304.3834008999997,
    "count": 1,
    "self": 0.004296599999634054,
    "children": {
        "run_training.setup": {
            "total": 0.06246370000000012,
            "count": 1,
            "self": 0.06246370000000012
        },
        "TrainerController.start_learning": {
            "total": 2304.3166406,
            "count": 1,
            "self": 4.621859700094319,
            "children": {
                "TrainerController._reset_env": {
                    "total": 7.0013320000000006,
                    "count": 1,
                    "self": 7.0013320000000006
                },
                "TrainerController.advance": {
                    "total": 2292.6560164999064,
                    "count": 334870,
                    "self": 2.168184999852656,
                    "children": {
                        "env_step": {
                            "total": 2290.4878315000537,
                            "count": 334870,
                            "self": 1862.5195729000397,
                            "children": {
                                "SubprocessEnvManager._take_step": {
                                    "total": 425.72721460006625,
                                    "count": 334870,
                                    "self": 10.291284200143252,
                                    "children": {
                                        "TorchPolicy.evaluate": {
                                            "total": 415.435930399923,
                                            "count": 333394,
                                            "self": 415.435930399923
                                        }
                                    }
                                },
                                "workers": {
                                    "total": 2.2410439999477134,
                                    "count": 334870,
                                    "self": 0.0,
                                    "children": {
                                        "worker_root": {
                                            "total": 2292.9498957999363,
                                            "count": 334870,
                                            "is_parallel": true,
                                            "self": 1062.7388484999533,
                                            "children": {
                                                "steps_from_proto": {
                                                    "total": 0.00032340000000008473,
                                                    "count": 1,
                                                    "is_parallel": true,
                                                    "self": 0.00011670000000130187,